"1","1","ACEITUNA VERDE DESC x 4 Kg  N°1","ACEITUNA VERDE DESC x 4 Kg  N°1","no","100","1","0","1960","1","123456789","1","1","no","no","1","no","20210101000101","20210101000101"
"2","2","ACEITE FRIGGERE x 11 ltrs","ACEITE FRIGGERE x 11 ltrs","no","100","1","0","3960","1","123456790","1","1","no","no","1","no","20210101000101","20210101000101"
"3","3","ACEITE FRIGGERE x 20 Ltrs","ACEITE FRIGGERE x 20 Ltrs","no","100","1","0","7200","1","123456791","1","1","no","no","1","no","20210101000101","20210101000101"
"4","4","ACEITE FRITOMAC x 5 ALTA TEM.","ACEITE FRITOMAC x 5 ALTA TEM.","no","100","1","0","2200","1","123456792","1","1","no","no","1","no","20210101000101","20210101000101"
"5","5","ACEITE PERDRIEL x 5 Ltrs","ACEITE PERDRIEL x 5 Ltrs","no","100","1","0","1650","1","123456793","1","1","no","no","1","no","20210101000101","20210101000101"
"6","6","ACEITUNA NEGRA x 1Kg N° 1","ACEITUNA NEGRA x 1Kg N° 1","no","100","1","0","630","1","123456794","1","1","no","no","1","no","20210101000101","20210101000101"
"7","7","ACEITUNA NEGRA x 2Kg N° 1","ACEITUNA NEGRA x 2Kg N° 1","no","100","1","0","1460","1","123456795","1","1","no","no","1","no","20210101000101","20210101000101"
"8","8","ACEITUNA NEGRA x 5 kg N° 1","ACEITUNA NEGRA x 5 kg N° 1","no","100","1","0","2400","1","123456796","1","1","no","no","1","no","20210101000101","20210101000101"
"9","9","ACEITUNA VERDE EN RODAJAS x  4 Kg","ACEITUNA VERDE EN RODAJAS x  4 Kg","no","100","1","0","1730","1","123456797","1","1","no","no","1","no","20210101000101","20210101000101"
"10","10","ACEITUNA VERDE x 1 Kg  N°0","ACEITUNA VERDE x 1 Kg  N°0","no","100","1","0","610","1","123456798","1","1","no","no","1","no","20210101000101","20210101000101"
"11","11","ACEITUNA VERDE x 1KG N° 1","ACEITUNA VERDE x 1KG N° 1","no","100","1","0","565","1","123456799","1","1","no","no","1","no","20210101000101","20210101000101"
"12","12","ACEITUNA VERDE x 2 Kg  N°0","ACEITUNA VERDE x 2 Kg  N°0","no","100","1","0","955","1","123456800","1","1","no","no","1","no","20210101000101","20210101000101"
"13","13","ACEITUNA VERDE x 2 Kg  N°1","ACEITUNA VERDE x 2 Kg  N°1","no","100","1","0","747","1","123456801","1","1","no","no","1","no","20210101000101","20210101000101"
"14","14","ACEITUNA VERDE x 5 Kg  N° 0","ACEITUNA VERDE x 5 Kg  N° 0","no","100","1","0","2250","1","123456802","1","1","no","no","1","no","20210101000101","20210101000101"
"15","15","ACEITUNA VERDE x 5 Kg  N° 1","ACEITUNA VERDE x 5 Kg  N° 1","no","100","1","0","1800","1","123456803","1","1","no","no","1","no","20210101000101","20210101000101"
"16","16","ACEITUNA VERDE x 5 Kg  N° 2","ACEITUNA VERDE x 5 Kg  N° 2","no","100","1","0","1650","1","123456804","1","1","no","no","1","no","20210101000101","20210101000101"
"17","17","ACEITUNA VERDE x 5 Kg  N° 3   ","ACEITUNA VERDE x 5 Kg  N° 3   ","no","100","1","0","1550","1","123456805","1","1","no","no","1","no","20210101000101","20210101000101"
"18","18","ADEREZO HELLMANS BARBACOA x 1 kg","ADEREZO HELLMANS BARBACOA x 1 kg","no","100","1","0","690","1","123456806","1","1","no","no","1","no","20210101000101","20210101000101"
"19","19","ADEREZO HELLMANS BARBACOA x 3 kg","ADEREZO HELLMANS BARBACOA x 3 kg","no","100","1","0","1730","1","123456807","1","1","no","no","1","no","20210101000101","20210101000101"
"20","20","ADEREZO HELLMANS KETCHUP x 3 kg","ADEREZO HELLMANS KETCHUP x 3 kg","no","100","1","0","1500","1","123456808","1","1","no","no","1","no","20210101000101","20210101000101"
"21","21","ADEREZO HELLMANS MAYONESA x 3 kg","ADEREZO HELLMANS MAYONESA x 3 kg","no","100","1","0","1420","1","123456809","1","1","no","no","1","no","20210101000101","20210101000101"
"22","22","ADEREZO HELLMANS SALSA GOLF x 3 kg","ADEREZO HELLMANS SALSA GOLF x 3 kg","no","100","1","0","1390","1","123456810","1","1","no","no","1","no","20210101000101","20210101000101"
"23","23","ADEREZO IND ABEDUL KETCHOP x 196 u ","ADEREZO IND ABEDUL KETCHOP x 196 u ","no","100","1","0","960","1","123456811","1","1","no","no","1","no","20210101000101","20210101000101"
"24","24","ADEREZO IND ABEDUL MOSTAZA x 192 u","ADEREZO IND ABEDUL MOSTAZA x 192 u","no","100","1","0","960","1","123456812","1","1","no","no","1","no","20210101000101","20210101000101"
"25","25","ADEREZO IND NATURA KETCHUP x 192 u","ADEREZO IND NATURA KETCHUP x 192 u","no","100","1","0","1530","1","123456813","1","1","no","no","1","no","20210101000101","20210101000101"
"26","26","ADEREZO IND NATURA MAYONESA x 192 u","ADEREZO IND NATURA MAYONESA x 192 u","no","100","1","0","1520","1","123456814","1","1","no","no","1","no","20210101000101","20210101000101"
"27","27","ADEREZO IND NATURA MOSTAZA x 192 u","ADEREZO IND NATURA MOSTAZA x 192 u","no","100","1","0","1050","1","123456815","1","1","no","no","1","no","20210101000101","20210101000101"
"28","28","ADEREZO IND QUESO RALLADO 100 unid x 8g","ADEREZO IND QUESO RALLADO 100 unid x 8g","no","100","1","0","720","1","123456816","1","1","no","no","1","no","20210101000101","20210101000101"
"29","29","ADEREZO IND SAL x 2","ADEREZO IND SAL x 2","no","100","1","0","800","1","123456817","1","1","no","no","1","no","20210101000101","20210101000101"
"30","30","ADEREZO MOSTAZA SAVORA x 1 kg","ADEREZO MOSTAZA SAVORA x 1 kg","no","100","1","0","340","1","123456818","1","1","no","no","1","no","20210101000101","20210101000101"
"31","31","ADEREZO MOSTAZA SAVORA x 3 kg","ADEREZO MOSTAZA SAVORA x 3 kg","no","100","1","0","1060","1","123456819","1","1","no","no","1","no","20210101000101","20210101000101"
"32","32","ADEREZO NATURA KETCHUP x 3 Kg","ADEREZO NATURA KETCHUP x 3 Kg","no","100","1","0","1500","1","123456820","1","1","no","no","1","no","20210101000101","20210101000101"
"33","33","ADEREZO NATURA MAYONESA x 3 Kg","ADEREZO NATURA MAYONESA x 3 Kg","no","100","1","0","1410","1","123456821","1","1","no","no","1","no","20210101000101","20210101000101"
"34","34","ADEREZO NATURA MOSTAZA  x 3 Kg","ADEREZO NATURA MOSTAZA  x 3 Kg","no","100","1","0","1100","1","123456822","1","1","no","no","1","no","20210101000101","20210101000101"
"35","35","ADEREZO NATURA SALSA GOLF x 3 Kg","ADEREZO NATURA SALSA GOLF x 3 Kg","no","100","1","0","1590","1","123456823","1","1","no","no","1","no","20210101000101","20210101000101"
"36","36","ADEREZO SAVORA x 1 kg","ADEREZO SAVORA x 1 kg","no","100","1","0","335","1","123456824","1","1","no","no","1","no","20210101000101","20210101000101"
"37","37","AJI EN VINAGRE x 3 Kg ","AJI EN VINAGRE x 3 Kg ","no","100","1","0","850","1","123456825","1","1","no","no","1","no","20210101000101","20210101000101"
"38","38","ANCHOAS FRUTOS DEL CIELO  x 90 gr","ANCHOAS FRUTOS DEL CIELO  x 90 gr","no","100","1","0","285","1","123456826","1","1","no","no","1","no","20210101000101","20210101000101"
"39","39","ANCHOAS FRUTOS DEL CIELO EN SOBRE  40 x 3","ANCHOAS FRUTOS DEL CIELO EN SOBRE  40 x 3","no","100","1","0","1800","1","123456827","1","1","no","no","1","no","20210101000101","20210101000101"
"40","40","ANCHOAS FRUTOS DEL CIELO SUELTA x 1 Kg","ANCHOAS FRUTOS DEL CIELO SUELTA x 1 Kg","no","100","1","0","2680","1","123456828","1","1","no","no","1","no","20210101000101","20210101000101"
"41","41","ANCHOAS FRUTOS DEL CIELO SUELTA x 350 g","ANCHOAS FRUTOS DEL CIELO SUELTA x 350 g","no","100","1","0","990","1","123456829","1","1","no","no","1","no","20210101000101","20210101000101"
"42","42","ARVEJAS Chica","ARVEJAS Chica","no","100","1","0","65","1","123456830","1","1","no","no","1","no","20210101000101","20210101000101"
"43","43","ARVEJAS Grande","ARVEJAS Grande","no","100","1","0","120","1","123456831","1","1","no","no","1","no","20210101000101","20210101000101"
"44","44","ATUN EN ACEITE CHICO x 170 gr","ATUN EN ACEITE CHICO x 170 gr","no","100","1","0","190","1","123456832","1","1","no","no","1","no","20210101000101","20210101000101"
"45","45","ATUN EN ACEITE x 1800 kg","ATUN EN ACEITE x 1800 kg","no","100","1","0","2360","1","123456833","1","1","no","no","1","no","20210101000101","20210101000101"
"46","46","BARRA QUESO TYBO MARIMIL  x Kg","BARRA QUESO TYBO MARIMIL  x Kg","no","100","1","0","840","1","123456834","1","1","no","no","1","no","20210101000101","20210101000101"
"47","47","BONDIOLA LUVIANKA  x Kg","BONDIOLA LUVIANKA  x Kg","no","100","1","0","1550","1","123456835","1","1","no","no","1","no","20210101000101","20210101000101"
"48","48","CHAMPIGÑON X 440 g ","CHAMPIGÑON X 440 g ","no","100","1","0","200","1","123456836","1","1","no","no","1","no","20210101000101","20210101000101"
"49","49","CHAMPIGÑON x 800 g","CHAMPIGÑON x 800 g","no","100","1","0","370","1","123456837","1","1","no","no","1","no","20210101000101","20210101000101"
"50","50","CHOCLO CREMOSO AMARILLO x 440 g","CHOCLO CREMOSO AMARILLO x 440 g","no","100","1","0","85","1","123456838","1","1","no","no","1","no","20210101000101","20210101000101"
"51","51","CHOCLO CREMOSO AMARILLO x 880 g ","CHOCLO CREMOSO AMARILLO x 880 g ","no","100","1","0","165","1","123456839","1","1","no","no","1","no","20210101000101","20210101000101"
"52","52","CHOCLO EN GRANOS AMARILLO x 440 g ","CHOCLO EN GRANOS AMARILLO x 440 g ","no","100","1","0","85","1","123456840","1","1","no","no","1","no","20210101000101","20210101000101"
"53","53","CHOCLO EN GRANOS AMARILLO x 880 g","CHOCLO EN GRANOS AMARILLO x 880 g","no","100","1","0","205","1","123456841","1","1","no","no","1","no","20210101000101","20210101000101"
"54","54","ESPINACA x 800 g","ESPINACA x 800 g","no","100","1","0","155","1","123456842","1","1","no","no","1","no","20210101000101","20210101000101"
"55","55","FAINALIN x 10 Kg","FAINALIN x 10 Kg","no","100","1","0","2550","1","123456843","1","1","no","no","1","no","20210101000101","20210101000101"
"56","56","FAINALIN x 5 Kg","FAINALIN x 5 Kg","no","100","1","0","1500","1","123456844","1","1","no","no","1","no","20210101000101","20210101000101"
"57","57","GARBANZO x 350 gr","GARBANZO x 350 gr","no","100","1","0","90","1","123456845","1","1","no","no","1","no","20210101000101","20210101000101"
"58","58","HARINA CENTRAL NORTE x 25 Kg 000","HARINA CENTRAL NORTE x 25 Kg 000","no","100","1","0","2400","1","123456846","1","1","no","no","1","no","20210101000101","20210101000101"
"59","59","HARINA CENTRAL NORTE x 25 Kg 0000","HARINA CENTRAL NORTE x 25 Kg 0000","no","100","1","0","2990","1","123456847","1","1","no","no","1","no","20210101000101","20210101000101"
"60","60","HARINA LAS HORTENCIAS x 25 0000","HARINA LAS HORTENCIAS x 25 0000","no","100","1","0","2650","1","123456848","1","1","no","no","1","no","20210101000101","20210101000101"
"61","61","HARINA PREMIUN CENTRAL NORTE 0000 x 25 kg","HARINA PREMIUN CENTRAL NORTE 0000 x 25 kg","no","100","1","0","3480","1","123456849","1","1","no","no","1","no","20210101000101","20210101000101"
"62","62","HUEVO x 1/2 CAJON N°1","HUEVO x 1/2 CAJON N°1","no","100","1","0","3000","1","123456850","1","1","no","no","1","no","20210101000101","20210101000101"
"63","63","HUEVO x CAJON N°1","HUEVO x CAJON N°1","no","100","1","0","6000","1","123456851","1","1","no","no","1","no","20210101000101","20210101000101"
"64","64","HUEVO x Maple ","HUEVO x Maple ","no","100","1","0","500","1","123456852","1","1","no","no","1","no","20210101000101","20210101000101"
"65","65","JAMON COCIDO 05 BOMBON x Kg","JAMON COCIDO 05 BOMBON x Kg","no","100","1","0","530","1","123456853","1","1","no","no","1","no","20210101000101","20210101000101"
"66","66","JAMON COCIDO 05 NATURAL BOM BOM x kg","JAMON COCIDO 05 NATURAL BOM BOM x kg","no","100","1","0","780","1","123456854","1","1","no","no","1","no","20210101000101","20210101000101"
"67","67","JAMON COCIDO 05 Rectangular x Kg ","JAMON COCIDO 05 Rectangular x Kg ","no","100","1","0","550","1","123456855","1","1","no","no","1","no","20210101000101","20210101000101"
"68","68","JAMON COCIDO LUVIANKA 1/2 CAÑA x Kg","JAMON COCIDO LUVIANKA 1/2 CAÑA x Kg","no","100","1","0","680","1","123456856","1","1","no","no","1","no","20210101000101","20210101000101"
"69","69","JAMON COCIDO LUVIANKA NATURAL S/TACC","JAMON COCIDO LUVIANKA NATURAL S/TACC","no","100","1","0","1050","1","123456857","1","1","no","no","1","no","20210101000101","20210101000101"
"70","70","JAMON COCIDO LUVIANKA VERDE x kg","JAMON COCIDO LUVIANKA VERDE x kg","no","100","1","0","680","1","123456858","1","1","no","no","1","no","20210101000101","20210101000101"
"71","71","JAMON COCIDO PIERES ( Pernil ) x kg","JAMON COCIDO PIERES ( Pernil ) x kg","no","100","1","0","515","1","123456859","1","1","no","no","1","no","20210101000101","20210101000101"
"72","72","JAMON COCIDO PIERES (Tipo Natural) x kg","JAMON COCIDO PIERES (Tipo Natural) x kg","no","100","1","0","685","1","123456860","1","1","no","no","1","no","20210101000101","20210101000101"
"73","73","JAMON COCIDO Quiro+ BOMBON x Kg","JAMON COCIDO Quiro+ BOMBON x Kg","no","100","1","0","520","1","123456861","1","1","no","no","1","no","20210101000101","20210101000101"
"74","74","JAMON COCIDO Quiro+ NATURAL x Kg","JAMON COCIDO Quiro+ NATURAL x Kg","no","100","1","0","620","1","123456862","1","1","no","no","1","no","20210101000101","20210101000101"
"75","75","JAMON COCIDO Quiro+ PATA D/CERDO (Pernil)","JAMON COCIDO Quiro+ PATA D/CERDO (Pernil)","no","100","1","0","475","1","123456863","1","1","no","no","1","no","20210101000101","20210101000101"
"76","76","JAMON CRUDO 05 x kg","JAMON CRUDO 05 x kg","no","100","1","0","1280","1","123456864","1","1","no","no","1","no","20210101000101","20210101000101"
"77","77","JUGO DE LIMON MINERVA x 960ml","JUGO DE LIMON MINERVA x 960ml","no","100","1","0","270","1","123456865","1","1","no","no","1","no","20210101000101","20210101000101"
"78","78","LEVADURA EN POLVO MAURIPAN","LEVADURA EN POLVO MAURIPAN","no","100","1","0","420","1","123456866","1","1","no","no","1","no","20210101000101","20210101000101"
"79","79","LEVADURA VIRGEN CALSA x 500 g","LEVADURA VIRGEN CALSA x 500 g","no","100","1","0","245","1","123456867","1","1","no","no","1","no","20210101000101","20210101000101"
"80","80","LOMO HORNEADO / HIERVAS x Kg LUVIANKA ","LOMO HORNEADO / HIERVAS x Kg LUVIANKA ","no","100","1","0","1060","1","123456868","1","1","no","no","1","no","20210101000101","20210101000101"
"81","81","LOMO HORNEADO NATURAL  x Kg LUVIANKA ","LOMO HORNEADO NATURAL  x Kg LUVIANKA ","no","100","1","0","1060","1","123456869","1","1","no","no","1","no","20210101000101","20210101000101"
"82","82","LONGANIZA BASTON 190 x Kg","LONGANIZA BASTON 190 x Kg","no","100","1","0","1470","1","123456870","1","1","no","no","1","no","20210101000101","20210101000101"
"83","83","QUESO PROVOLONE","QUESO PROVOLONE","no","100","1","0","900","1","123456871","1","1","no","no","1","no","20210101000101","20210101000101"
"84","84","ACEITE DE OLIVA BOTELLA x 1 Ltr G&B","ACEITE DE OLIVA BOTELLA x 1 Ltr G&B","no","100","1","0","990","1","123456872","1","1","no","no","1","no","20210101000101","20210101000101"
"85","85","ACEITE DE OLIVA LATA x 1Ltr YANCANELO","ACEITE DE OLIVA LATA x 1Ltr YANCANELO","no","100","1","0","1200","1","123456873","1","1","no","no","1","no","20210101000101","20210101000101"
"86","86","ACEITE DE OLIVA LATA x 500 cc YANCANELO ","ACEITE DE OLIVA LATA x 500 cc YANCANELO ","no","100","1","0","800","1","123456874","1","1","no","no","1","no","20210101000101","20210101000101"
"87","87","ACEITE DE OLIVA x 5 lts REINO DE LEON","ACEITE DE OLIVA x 5 lts REINO DE LEON","no","100","1","0","3000","1","123456875","1","1","no","no","1","no","20210101000101","20210101000101"
"88","88","ACEITE GYB 1/2L OLIVA","ACEITE GYB 1/2L OLIVA","no","100","1","0","550","1","123456876","1","1","no","no","1","no","20210101000101","20210101000101"
"89","89","ANIZ x 1 kg ","ANIZ x 1 kg ","no","100","1","0","480","1","123456877","1","1","no","no","1","no","20210101000101","20210101000101"
"90","90","CANELA MOLIDA x 1Kg","CANELA MOLIDA x 1Kg","no","100","1","0","850","1","123456878","1","1","no","no","1","no","20210101000101","20210101000101"
"91","91","CEBOLLA EN POLVO x 1 Kg","CEBOLLA EN POLVO x 1 Kg","no","100","1","0","650","1","123456879","1","1","no","no","1","no","20210101000101","20210101000101"
"92","92","ESTRAGON BAS x 1 kg","ESTRAGON BAS x 1 kg","no","100","1","0","2960","1","123456880","1","1","no","no","1","no","20210101000101","20210101000101"
"93","93","HUMO LIQUIDO x 1 kg","HUMO LIQUIDO x 1 kg","no","100","1","0","2300","1","123456881","1","1","no","no","1","no","20210101000101","20210101000101"
"94","94","ADOBO x 1 kg ","ADOBO x 1 kg ","no","100","1","0","550","1","123456882","1","1","no","no","1","no","20210101000101","20210101000101"
"95","95","AJI CAYENA x 1 kg ","AJI CAYENA x 1 kg ","no","100","1","0","620","1","123456883","1","1","no","no","1","no","20210101000101","20210101000101"
"96","96","AJI MOLIDO x 1 kg ","AJI MOLIDO x 1 kg ","no","100","1","0","570","1","123456884","1","1","no","no","1","no","20210101000101","20210101000101"
"97","97","AJO DESHIDRATADO EN GRANO  x 1 kg","AJO DESHIDRATADO EN GRANO  x 1 kg","no","100","1","0","860","1","123456885","1","1","no","no","1","no","20210101000101","20210101000101"
"98","98","AJO EN POLVO x 1 kg","AJO EN POLVO x 1 kg","no","100","1","0","550","1","123456886","1","1","no","no","1","no","20210101000101","20210101000101"
"99","99","ALBAHACA HOJAS x 1 kg","ALBAHACA HOJAS x 1 kg","no","100","1","0","620","1","123456887","1","1","no","no","1","no","20210101000101","20210101000101"
"100","100","BATTER P/MILANESA C/HUEVO  x 5 kg ","BATTER P/MILANESA C/HUEVO  x 5 kg ","no","100","1","0","2180","1","123456888","1","1","no","no","1","no","20210101000101","20210101000101"
"101","101","CALDO DE POLLO x 1 kg","CALDO DE POLLO x 1 kg","no","100","1","0","795","1","123456889","1","1","no","no","1","no","20210101000101","20210101000101"
"102","102","CALDO DE VERDURA x 1 kg","CALDO DE VERDURA x 1 kg","no","100","1","0","795","1","123456890","1","1","no","no","1","no","20210101000101","20210101000101"
"103","103","CALDO Granulado CARNE / VERDURA SAFRA x 700 GR","CALDO Granulado CARNE / VERDURA SAFRA x 700 GR","no","100","1","0","730","1","123456891","1","1","no","no","1","no","20210101000101","20210101000101"
"104","104","CEBOLLA EN ESCAMAS ","CEBOLLA EN ESCAMAS ","no","100","1","0","600","1","123456892","1","1","no","no","1","no","20210101000101","20210101000101"
"105","105","CHIMICHURRI x 1 kg","CHIMICHURRI x 1 kg","no","100","1","0","650","1","123456893","1","1","no","no","1","no","20210101000101","20210101000101"
"106","106","COMINO x 1 kg ","COMINO x 1 kg ","no","100","1","0","750","1","123456894","1","1","no","no","1","no","20210101000101","20210101000101"
"107","107","COND. HAMBURGUESA  x 1kg","COND. HAMBURGUESA  x 1kg","no","100","1","0","390","1","123456895","1","1","no","no","1","no","20210101000101","20210101000101"
"108","108","CONDIMENTO P / ARROZ x 1 kg","CONDIMENTO P / ARROZ x 1 kg","no","100","1","0","420","1","123456896","1","1","no","no","1","no","20210101000101","20210101000101"
"109","109","CONDIMENTO P / MILANESA x 1 kg","CONDIMENTO P / MILANESA x 1 kg","no","100","1","0","640","1","123456897","1","1","no","no","1","no","20210101000101","20210101000101"
"110","110","CONDIMENTO P. RAVIOLES ","CONDIMENTO P. RAVIOLES ","no","100","1","0","600","1","123456898","1","1","no","no","1","no","20210101000101","20210101000101"
"111","111","CURCUMA x 1 kg","CURCUMA x 1 kg","no","100","1","0","580","1","123456899","1","1","no","no","1","no","20210101000101","20210101000101"
"112","112","CEBOLLA EN POLVO  x 1 kg","CEBOLLA EN POLVO  x 1 kg","no","100","1","0","980","1","123456900","1","1","no","no","1","no","20210101000101","20210101000101"
"113","113","CURRY x 1 kg","CURRY x 1 kg","no","100","1","0","500","1","123456901","1","1","no","no","1","no","20210101000101","20210101000101"
"114","114","ESPECIAS SURTIDAS x 1 kg","ESPECIAS SURTIDAS x 1 kg","no","100","1","0","580","1","123456902","1","1","no","no","1","no","20210101000101","20210101000101"
"115","115","AROS DE CEBOLLA  x 1 kg ","AROS DE CEBOLLA  x 1 kg ","no","100","1","0","850","1","123456903","1","1","no","no","1","no","20210101000101","20210101000101"
"116","116","BASTON MUZZARELLA x 2 kg","BASTON MUZZARELLA x 2 kg","no","100","1","0","2250","1","123456904","1","1","no","no","1","no","20210101000101","20210101000101"
"117","117","HAMBURGUESA CARNE PATY SUPER 40x125 grs ","HAMBURGUESA CARNE PATY SUPER 40x125 grs ","no","100","1","0","6320","1","123456905","1","1","no","no","1","no","20210101000101","20210101000101"
"118","118","ALMENDRA ENTERA x kg","ALMENDRA ENTERA x kg","no","100","1","0","1780","1","123456906","1","1","no","no","1","no","20210101000101","20210101000101"
"119","119","ALMIDON DE MAIZ (MAICENA) x 10 Kg","ALMIDON DE MAIZ (MAICENA) x 10 Kg","no","100","1","0","1400","1","123456907","1","1","no","no","1","no","20210101000101","20210101000101"
"120","120","ALMIDON DE MAIZ (MAICENA) x Kg","ALMIDON DE MAIZ (MAICENA) x Kg","no","100","1","0","255","1","123456908","1","1","no","no","1","no","20210101000101","20210101000101"
"121","121","ANANA EN RODAJAS LATA 850gr","ANANA EN RODAJAS LATA 850gr","no","100","1","0","550","1","123456909","1","1","no","no","1","no","20210101000101","20210101000101"
"122","122","ANIZ EN GRANO x 1 kg","ANIZ EN GRANO x 1 kg","no","100","1","0","660","1","123456910","1","1","no","no","1","no","20210101000101","20210101000101"
"123","123","AZUCAR IMPALPABLE CIRCE BOLSA x 10 Kg","AZUCAR IMPALPABLE CIRCE BOLSA x 10 Kg","no","100","1","0","1495","1","123456911","1","1","no","no","1","no","20210101000101","20210101000101"
"124","124","AZUCAR IMPALPABLE TALCO  x 1 Kg","AZUCAR IMPALPABLE TALCO  x 1 Kg","no","100","1","0","190","1","123456912","1","1","no","no","1","no","20210101000101","20210101000101"
"125","125","AZUCAR IMPALPABLE TALCO  x 10 Kg","AZUCAR IMPALPABLE TALCO  x 10 Kg","no","100","1","0","1900","1","123456913","1","1","no","no","1","no","20210101000101","20210101000101"
"126","126","AZUCAR NEGRA x 1 kg","AZUCAR NEGRA x 1 kg","no","100","1","0","220","1","123456914","1","1","no","no","1","no","20210101000101","20210101000101"
"127","127","AZUCAR PACK x 10Kg","AZUCAR PACK x 10Kg","no","100","1","0","1030","1","123456915","1","1","no","no","1","no","20210101000101","20210101000101"
"128","128","BETACAROTENO x 5 kg","BETACAROTENO x 5 kg","no","100","1","0","4200","1","123456916","1","1","no","no","1","no","20210101000101","20210101000101"
"129","129","BICARBONATO  x 1kg","BICARBONATO  x 1kg","no","100","1","0","450","1","123456917","1","1","no","no","1","no","20210101000101","20210101000101"
"130","130","CACAO AMARGO x 1 kg","CACAO AMARGO x 1 kg","no","100","1","0","770","1","123456918","1","1","no","no","1","no","20210101000101","20210101000101"
"131","131","CARAMELO LIQUIDO x 125 kg ","CARAMELO LIQUIDO x 125 kg ","no","100","1","0","440","1","123456919","1","1","no","no","1","no","20210101000101","20210101000101"
"132","132","CASTAÑA CAJU x kg","CASTAÑA CAJU x kg","no","100","1","0","1530","1","123456920","1","1","no","no","1","no","20210101000101","20210101000101"
"133","133","CEREZA CURICO LATA x 31 kg","CEREZA CURICO LATA x 31 kg","no","100","1","0","2200","1","123456921","1","1","no","no","1","no","20210101000101","20210101000101"
"134","134","CEREZAS CEREZQUINAS BALDE x 31kg","CEREZAS CEREZQUINAS BALDE x 31kg","no","100","1","0","2270","1","123456922","1","1","no","no","1","no","20210101000101","20210101000101"
"135","135","CHIPS MAPSA x 1KG","CHIPS MAPSA x 1KG","no","100","1","0","660","1","123456923","1","1","no","no","1","no","20210101000101","20210101000101"
"136","136","CHOCO ALPINO PINS x 1 kg Blanco S/Amargo C/Leche","CHOCO ALPINO PINS x 1 kg Blanco S/Amargo C/Leche","no","100","1","0","900","1","123456924","1","1","no","no","1","no","20210101000101","20210101000101"
"137","137","CHOCO TABLETA ALPINO BLANCO  x 500 gr ","CHOCO TABLETA ALPINO BLANCO  x 500 gr ","no","100","1","0","440","1","123456925","1","1","no","no","1","no","20210101000101","20210101000101"
"138","138","CHOCO TABLETA ALPINO C/LECHE  x 500 gr ","CHOCO TABLETA ALPINO C/LECHE  x 500 gr ","no","100","1","0","440","1","123456926","1","1","no","no","1","no","20210101000101","20210101000101"
"139","139","CHOCO TABLETA ALPINO S/AMARGO  x 500 gr ","CHOCO TABLETA ALPINO S/AMARGO  x 500 gr ","no","100","1","0","440","1","123456927","1","1","no","no","1","no","20210101000101","20210101000101"
"140","140","COCO RALLADO x 1 kg ","COCO RALLADO x 1 kg ","no","100","1","0","800","1","123456928","1","1","no","no","1","no","20210101000101","20210101000101"
"141","141","CREMA CHANTY/VAINILLA RELL Y COB POTE x 1 kg ","CREMA CHANTY/VAINILLA RELL Y COB POTE x 1 kg ","no","100","1","0","570","1","123456929","1","1","no","no","1","no","20210101000101","20210101000101"
"142","142","CREMA LEDEVIT CHOCOLATE x 47 kg","CREMA LEDEVIT CHOCOLATE x 47 kg","no","100","1","0","1980","1","123456930","1","1","no","no","1","no","20210101000101","20210101000101"
"143","143","CREMA LEDEVIT Vainilla / Chanty x 47 kg","CREMA LEDEVIT Vainilla / Chanty x 47 kg","no","100","1","0","2240","1","123456931","1","1","no","no","1","no","20210101000101","20210101000101"
"144","144","DULCE DE BATATA LISO/CHOCO CAJA CAYFAR x 5kg","DULCE DE BATATA LISO/CHOCO CAJA CAYFAR x 5kg","no","100","1","0","845","1","123456932","1","1","no","no","1","no","20210101000101","20210101000101"
"145","145","DULCE DE BATATA LISO/CHOCO LATA CAYFAR x 5kg ","DULCE DE BATATA LISO/CHOCO LATA CAYFAR x 5kg ","no","100","1","0","1080","1","123456933","1","1","no","no","1","no","20210101000101","20210101000101"
"146","146","CREMA x 5 Lts","CREMA x 5 Lts","no","100","1","0","3200","1","123456934","1","1","no","no","1","no","20210101000101","20210101000101"
"147","147","DULCE DE LECHE  IL CONSIGLIERI x 1 kg ","DULCE DE LECHE  IL CONSIGLIERI x 1 kg ","no","100","1","0","460","1","123456935","1","1","no","no","1","no","20210101000101","20210101000101"
"148","148","DULCE DE LECHE  IL CONSIGLIERI x 3 kg ","DULCE DE LECHE  IL CONSIGLIERI x 3 kg ","no","100","1","0","1050","1","123456936","1","1","no","no","1","no","20210101000101","20210101000101"
"149","149","MANTECA PILON x 5 kg","MANTECA PILON x 5 kg","no","100","1","0","4480","1","123456937","1","1","no","no","1","no","20210101000101","20210101000101"
"150","150","PROBOLETA x kg","PROBOLETA x kg","no","100","1","0","1330","1","123456938","1","1","no","no","1","no","20210101000101","20210101000101"
"151","151","QUESO AZUL  IL CONSIGLIERI x kg ","QUESO AZUL  IL CONSIGLIERI x kg ","no","100","1","0","1050","1","123456939","1","1","no","no","1","no","20210101000101","20210101000101"
"152","152","QUESO CUARTIROLO IL CONSIGLIERI x kg ( CREMOSO)","QUESO CUARTIROLO IL CONSIGLIERI x kg ( CREMOSO)","no","100","1","0","660","1","123456940","1","1","no","no","1","no","20210101000101","20210101000101"
"153","153","QUESO PORT SALUT x kg","QUESO PORT SALUT x kg","no","100","1","0","755","1","123456941","1","1","no","no","1","no","20210101000101","20210101000101"
"154","154","QUESO TYBO BARRA  IL CONSIGLIERI x kg ","QUESO TYBO BARRA  IL CONSIGLIERI x kg ","no","100","1","0","840","1","123456942","1","1","no","no","1","no","20210101000101","20210101000101"
"155","155","QUESO PATEGRAS x kg","QUESO PATEGRAS x kg","no","100","1","0","960","1","123456943","1","1","no","no","1","no","20210101000101","20210101000101"
"156","156","ACETO BALSAMICO HEI-MEN BIDON x 5 lt","ACETO BALSAMICO HEI-MEN BIDON x 5 lt","no","100","1","0","800","1","123456944","1","1","no","no","1","no","20210101000101","20210101000101"
"157","157","ALCAPARRAS ","ALCAPARRAS ","no","100","1","0","580","1","123456945","1","1","no","no","1","no","20210101000101","20210101000101"
"158","158","ARROZ PARBOIL DON MARCOS  x 5 kg","ARROZ PARBOIL DON MARCOS  x 5 kg","no","100","1","0","520","1","123456946","1","1","no","no","1","no","20210101000101","20210101000101"
"159","159","ARROZ PARBOIL GALLO ORO x 5 kg","ARROZ PARBOIL GALLO ORO x 5 kg","no","100","1","0","990","1","123456947","1","1","no","no","1","no","20210101000101","20210101000101"
"160","160","CALDO GRANULADO CARNE KNORR x 650gr","CALDO GRANULADO CARNE KNORR x 650gr","no","100","1","0","780","1","123456948","1","1","no","no","1","no","20210101000101","20210101000101"
"161","161","JUGO CITRIC CHEF LIMON x 500 cc","JUGO CITRIC CHEF LIMON x 500 cc","no","100","1","0","175","1","123456949","1","1","no","no","1","no","20210101000101","20210101000101"
"162","162","JUGO CITRIC NARANJA x 1 ltr","JUGO CITRIC NARANJA x 1 ltr","no","100","1","0","200","1","123456950","1","1","no","no","1","no","20210101000101","20210101000101"
"163","163","JUGO CITRIC NARANJA x 5 ltr","JUGO CITRIC NARANJA x 5 ltr","no","100","1","0","940","1","123456951","1","1","no","no","1","no","20210101000101","20210101000101"
"164","164","JUGO CITRIC NARANJA x 500 cc","JUGO CITRIC NARANJA x 500 cc","no","100","1","0","160","1","123456952","1","1","no","no","1","no","20210101000101","20210101000101"
"165","165","JUGO CITRIC POMELO x 1 ltr","JUGO CITRIC POMELO x 1 ltr","no","100","1","0","250","1","123456953","1","1","no","no","1","no","20210101000101","20210101000101"
"166","166","JUGO DE LIMON MINERVA x 1 lt","JUGO DE LIMON MINERVA x 1 lt","no","100","1","0","310","1","123456954","1","1","no","no","1","no","20210101000101","20210101000101"
"167","167","LENTEJA AGROMAR x 5 KG","LENTEJA AGROMAR x 5 KG","no","100","1","0","1150","1","123456955","1","1","no","no","1","no","20210101000101","20210101000101"
"168","168","PEPINILLO AGRIDULCE EN RODAJAS x 1 kg","PEPINILLO AGRIDULCE EN RODAJAS x 1 kg","no","100","1","0","520","1","123456956","1","1","no","no","1","no","20210101000101","20210101000101"
"169","169","PEPINILLOS ENTEROS x 3 kg","PEPINILLOS ENTEROS x 3 kg","no","100","1","0","2230","1","123456957","1","1","no","no","1","no","20210101000101","20210101000101"
"170","170","TOMATES SECOS x 1 kg","TOMATES SECOS x 1 kg","no","100","1","0","1580","1","123456958","1","1","no","no","1","no","20210101000101","20210101000101"
"171","171","YOGURT NATURAL ","YOGURT NATURAL ","no","100","1","0","185","1","123456959","1","1","no","no","1","no","20210101000101","20210101000101"
"172","172","PAPAS DESHIDRATADA x 20 KILOS","PAPAS DESHIDRATADA x 20 KILOS","no","100","1","0","8000","1","123456960","1","1","no","no","1","no","20210101000101","20210101000101"
"173","173","LONGANIZA BASTON QUIRO +","LONGANIZA BASTON QUIRO +","no","100","1","0","950","1","123456961","1","1","no","no","1","no","20210101000101","20210101000101"
"174","174","LONGANIZA TIPO PEPERONI SELLO DE PLATA x kg","LONGANIZA TIPO PEPERONI SELLO DE PLATA x kg","no","100","1","0","1385","1","123456962","1","1","no","no","1","no","20210101000101","20210101000101"
"175","175","MORRON SALVITA x 750 g","MORRON SALVITA x 750 g","no","100","1","0","360","1","123456963","1","1","no","no","1","no","20210101000101","20210101000101"
"176","176","MORTADELA BOCHA 190 x Kg","MORTADELA BOCHA 190 x Kg","no","100","1","0","780","1","123456964","1","1","no","no","1","no","20210101000101","20210101000101"
"177","177","MORTADELA BOCHA LUVIANKA x Kg","MORTADELA BOCHA LUVIANKA x Kg","no","100","1","0","520","1","123456965","1","1","no","no","1","no","20210101000101","20210101000101"
"178","178","MOZZARELLA DAPPRIMA CIL 10 20  x Kg","MOZZARELLA DAPPRIMA CIL 10 20  x Kg","no","100","1","0","715","1","123456966","1","1","no","no","1","no","20210101000101","20210101000101"
"179","179","MOZZARELLA DAPRIMA MINI x kg","MOZZARELLA DAPRIMA MINI x kg","no","100","1","0","715","1","123456967","1","1","no","no","1","no","20210101000101","20210101000101"
"180","180","MOZZARELLA DOÑA DELIA CIL 10 20 x Kg ","MOZZARELLA DOÑA DELIA CIL 10 20 x Kg ","no","100","1","0","685","1","123456968","1","1","no","no","1","no","20210101000101","20210101000101"
"181","181","MOZZARELLA DRJ CIL 10 x Kg","MOZZARELLA DRJ CIL 10 x Kg","no","100","1","0","705","1","123456969","1","1","no","no","1","no","20210101000101","20210101000101"
"182","182","MOZZARELLA MARIMIL CIL","MOZZARELLA MARIMIL CIL","no","100","1","0","665","1","123456970","1","1","no","no","1","no","20210101000101","20210101000101"
"183","183","PALETA 05 Eco x kg","PALETA 05 Eco x kg","no","100","1","0","285","1","123456971","1","1","no","no","1","no","20210101000101","20210101000101"
"184","184","PALETA CHARITO Tipo A x Kg","PALETA CHARITO Tipo A x Kg","no","100","1","0","420","1","123456972","1","1","no","no","1","no","20210101000101","20210101000101"
"185","185","PALETA LAMBARE MINI ","PALETA LAMBARE MINI ","no","100","1","0","610","1","123456973","1","1","no","no","1","no","20210101000101","20210101000101"
"186","186","PALETA PIERES x kg ","PALETA PIERES x kg ","no","100","1","0","460","1","123456974","1","1","no","no","1","no","20210101000101","20210101000101"
"187","187","PALMITO ENTERO CHICO","PALMITO ENTERO CHICO","no","100","1","0","300","1","123456975","1","1","no","no","1","no","20210101000101","20210101000101"
"188","188","PALMITO ENTERO GRANDE 800gr","PALMITO ENTERO GRANDE 800gr","no","100","1","0","610","1","123456976","1","1","no","no","1","no","20210101000101","20210101000101"
"189","189","PANCETA AHUMADA x Kg","PANCETA AHUMADA x Kg","no","100","1","0","1070","1","123456977","1","1","no","no","1","no","20210101000101","20210101000101"
"190","190","PANCETA TIERNIZADA  LOS 4 x kg","PANCETA TIERNIZADA  LOS 4 x kg","no","100","1","0","780","1","123456978","1","1","no","no","1","no","20210101000101","20210101000101"
"191","191","PANCETA TIERNIZADA 05 x kg","PANCETA TIERNIZADA 05 x kg","no","100","1","0","660","1","123456979","1","1","no","no","1","no","20210101000101","20210101000101"
"192","192","PROBOLETA ELOGIO ","PROBOLETA ELOGIO ","no","100","1","0","1260","1","123456980","1","1","no","no","1","no","20210101000101","20210101000101"
"193","193","QUESO AZUL LA QUESERA x Kg","QUESO AZUL LA QUESERA x Kg","no","100","1","0","1050","1","123456981","1","1","no","no","1","no","20210101000101","20210101000101"
"194","194","QUESO AZUL LIQUIDO LA QUESERA","QUESO AZUL LIQUIDO LA QUESERA","no","100","1","0","2750","1","123456982","1","1","no","no","1","no","20210101000101","20210101000101"
"195","195","QUESO CHEDAR MILKAUT FETEADO x 192u ","QUESO CHEDAR MILKAUT FETEADO x 192u ","no","100","1","0","4030","1","123456983","1","1","no","no","1","no","20210101000101","20210101000101"
"196","196","QUESO CHEDAR MILKAUT SACHET x 35 kg ","QUESO CHEDAR MILKAUT SACHET x 35 kg ","no","100","1","0","3210","1","123456984","1","1","no","no","1","no","20210101000101","20210101000101"
"197","197","QUESO CHEDAR SPALEN BARRA ","QUESO CHEDAR SPALEN BARRA ","no","100","1","0","2880","1","123456985","1","1","no","no","1","no","20210101000101","20210101000101"
"198","198","QUESO CHEDAR SPALEN SACHET","QUESO CHEDAR SPALEN SACHET","no","100","1","0","2150","1","123456986","1","1","no","no","1","no","20210101000101","20210101000101"
"199","199","QUESO CREMA SACHET MILKAUT x 35 kg ","QUESO CREMA SACHET MILKAUT x 35 kg ","no","100","1","0","2390","1","123456987","1","1","no","no","1","no","20210101000101","20210101000101"
"200","200","QUESO DE CERDO 190 x kg","QUESO DE CERDO 190 x kg","no","100","1","0","490","1","123456988","1","1","no","no","1","no","20210101000101","20210101000101"
"201","201","QUESO FINLANDIA CLASICO SACHET x 2 kg","QUESO FINLANDIA CLASICO SACHET x 2 kg","no","100","1","0","2000","1","123456989","1","1","no","no","1","no","20210101000101","20210101000101"
"202","202","QUESO PROVOLONE","QUESO PROVOLONE","no","100","1","0","900","1","123456990","1","1","no","no","1","no","20210101000101","20210101000101"
"203","203","QUESO ROMANITO x Kg","QUESO ROMANITO x Kg","no","100","1","0","1000","1","123456991","1","1","no","no","1","no","20210101000101","20210101000101"
"204","204","QUESO SARDO SEMI DURO ","QUESO SARDO SEMI DURO ","no","100","1","0","1000","1","123456992","1","1","no","no","1","no","20210101000101","20210101000101"
"205","205","RICOTTA ENTERA MARIMIL x Kg","RICOTTA ENTERA MARIMIL x Kg","no","100","1","0","250","1","123456993","1","1","no","no","1","no","20210101000101","20210101000101"
"206","206","SAL FINA  DOS ANCLAS x 12 unid","SAL FINA  DOS ANCLAS x 12 unid","no","100","1","0","600","1","123456994","1","1","no","no","1","no","20210101000101","20210101000101"
"207","207","SAL FINA x 500 grs x 30 Unid","SAL FINA x 500 grs x 30 Unid","no","100","1","0","1900","1","123456995","1","1","no","no","1","no","20210101000101","20210101000101"
"208","208","SAL GRUESA x 1Kg x 12 Unid","SAL GRUESA x 1Kg x 12 Unid","no","100","1","0","1050","1","123456996","1","1","no","no","1","no","20210101000101","20210101000101"
"209","209","SAL MAROLIO PACK X 12 x 500 gr","SAL MAROLIO PACK X 12 x 500 gr","no","100","1","0","540","1","123456997","1","1","no","no","1","no","20210101000101","20210101000101"
"210","210","SAL x 25 kg ENTREFINA ","SAL x 25 kg ENTREFINA ","no","100","1","0","1000","1","123456998","1","1","no","no","1","no","20210101000101","20210101000101"
"211","211","SAL x 25 Kg FINA","SAL x 25 Kg FINA","no","100","1","0","1100","1","123456999","1","1","no","no","1","no","20210101000101","20210101000101"
"212","212","SALAME ESPAÑOL ","SALAME ESPAÑOL ","no","100","1","0","1250","1","123457000","1","1","no","no","1","no","20210101000101","20210101000101"
"213","213","SALAME MILAN APETECE 190 x kg","SALAME MILAN APETECE 190 x kg","no","100","1","0","1100","1","123457001","1","1","no","no","1","no","20210101000101","20210101000101"
"214","214","SALAME MILAN LUVIANKA x Kg","SALAME MILAN LUVIANKA x Kg","no","100","1","0","830","1","123457002","1","1","no","no","1","no","20210101000101","20210101000101"
"215","215","SALAMIN P/GRUESO/FINO/ CANDELARIO 190 x Kg","SALAMIN P/GRUESO/FINO/ CANDELARIO 190 x Kg","no","100","1","0","1380","1","123457003","1","1","no","no","1","no","20210101000101","20210101000101"
"216","216","SALCHICHON Prim / jamon LUVIANKA x kg","SALCHICHON Prim / jamon LUVIANKA x kg","no","100","1","0","400","1","123457004","1","1","no","no","1","no","20210101000101","20210101000101"
"217","217","SEMOLIN CENTRAL NORTE PREMIUM x 25 kg","SEMOLIN CENTRAL NORTE PREMIUM x 25 kg","no","100","1","0","3730","1","123457005","1","1","no","no","1","no","20210101000101","20210101000101"
"218","218","SNACK CHISITO PEIPO x 400 gr","SNACK CHISITO PEIPO x 400 gr","no","100","1","0","185","1","123457006","1","1","no","no","1","no","20210101000101","20210101000101"
"219","219","SNACK MANI SALADO PELADO PEIPO  x 800 gr","SNACK MANI SALADO PELADO PEIPO  x 800 gr","no","100","1","0","450","1","123457007","1","1","no","no","1","no","20210101000101","20210101000101"
"220","220","SNACK NACHOS MACRITAS x 250 gr","SNACK NACHOS MACRITAS x 250 gr","no","100","1","0","295","1","123457008","1","1","no","no","1","no","20210101000101","20210101000101"
"221","221","SNACK PALITO SALADO PEIPO x 800 gr","SNACK PALITO SALADO PEIPO x 800 gr","no","100","1","0","415","1","123457009","1","1","no","no","1","no","20210101000101","20210101000101"
"222","222","SNACK PAPA FRITA PEIPO x 500 gr","SNACK PAPA FRITA PEIPO x 500 gr","no","100","1","0","480","1","123457010","1","1","no","no","1","no","20210101000101","20210101000101"
"223","223","SNACK PAPAS PAY x 500 gr ","SNACK PAPAS PAY x 500 gr ","no","100","1","0","460","1","123457011","1","1","no","no","1","no","20210101000101","20210101000101"
"224","224","TAPAS IMPASTARE P/EMP  x 60 N°12","TAPAS IMPASTARE P/EMP  x 60 N°12","no","100","1","0","540","1","123457012","1","1","no","no","1","no","20210101000101","20210101000101"
"225","225","TAPAS IMPASTARE P/EMP  x 60 N°13","TAPAS IMPASTARE P/EMP  x 60 N°13","no","100","1","0","570","1","123457013","1","1","no","no","1","no","20210101000101","20210101000101"
"226","226","TAPAS IMPASTARE P/EMP  x 60 N°14","TAPAS IMPASTARE P/EMP  x 60 N°14","no","100","1","0","600","1","123457014","1","1","no","no","1","no","20210101000101","20210101000101"
"227","227","TAPAS IMPASTARE P/EMP HOJALDRE x 60 Nº14","TAPAS IMPASTARE P/EMP HOJALDRE x 60 Nº14","no","100","1","0","660","1","123457015","1","1","no","no","1","no","20210101000101","20210101000101"
"228","228","TAPAS LA RIOJANA  PASC  N°42 x 3Par","TAPAS LA RIOJANA  PASC  N°42 x 3Par","no","100","1","0","540","1","123457016","1","1","no","no","1","no","20210101000101","20210101000101"
"229","229","TAPAS MOSTACHO P/EMP FAMILIAR","TAPAS MOSTACHO P/EMP FAMILIAR","no","100","1","0","110","1","123457017","1","1","no","no","1","no","20210101000101","20210101000101"
"230","230","TAPAS MOSTACHO P/EMP COPETIN","TAPAS MOSTACHO P/EMP COPETIN","no","100","1","0","120","1","123457018","1","1","no","no","1","no","20210101000101","20210101000101"
"231","231","TAPAS LA RIOJANA PASC N°32","TAPAS LA RIOJANA PASC N°32","no","100","1","0","145","1","123457019","1","1","no","no","1","no","20210101000101","20210101000101"
"232","232","TAPAS LA RIOJANA PASC CHICA x 2Par","TAPAS LA RIOJANA PASC CHICA x 2Par","no","100","1","0","195","1","123457020","1","1","no","no","1","no","20210101000101","20210101000101"
"233","233","TAPAS MOSTACHO P/EMP FATAY ","TAPAS MOSTACHO P/EMP FATAY ","no","100","1","0","264","1","123457021","1","1","no","no","1","no","20210101000101","20210101000101"
"234","234","TAPAS MOSTACHO P/EMP 1/2 Nª 12","TAPAS MOSTACHO P/EMP 1/2 Nª 12","no","100","1","0","270","1","123457022","1","1","no","no","1","no","20210101000101","20210101000101"
"235","235","TAPAS MOSTACHO P/EMP 1/2 Nº 13","TAPAS MOSTACHO P/EMP 1/2 Nº 13","no","100","1","0","273","1","123457023","1","1","no","no","1","no","20210101000101","20210101000101"
"236","236","TAPAS MOSTACHO P/EMP 1/2 N°14 ","TAPAS MOSTACHO P/EMP 1/2 N°14 ","no","100","1","0","276","1","123457024","1","1","no","no","1","no","20210101000101","20210101000101"
"237","237","TAPAS LA RIOJANA P/EMP x 24 N°16","TAPAS LA RIOJANA P/EMP x 24 N°16","no","100","1","0","295","1","123457025","1","1","no","no","1","no","20210101000101","20210101000101"
"238","238","TAPAS MOSTACHO PASTELITO x 24","TAPAS MOSTACHO PASTELITO x 24","no","100","1","0","120","1","123457026","1","1","no","no","1","no","20210101000101","20210101000101"
"239","239","TAPAS PASCUALINA DON CARLO CHICA","TAPAS PASCUALINA DON CARLO CHICA","no","100","1","0","216","1","123457027","1","1","no","no","1","no","20210101000101","20210101000101"
"240","240","TAPAS PASCUALINA DON CARLO GRANDE","TAPAS PASCUALINA DON CARLO GRANDE","no","100","1","0","120","1","123457028","1","1","no","no","1","no","20210101000101","20210101000101"
"241","241","TAPAS PASCUALOTA MOSTACHO Nª40","TAPAS PASCUALOTA MOSTACHO Nª40","no","100","1","0","120","1","123457029","1","1","no","no","1","no","20210101000101","20210101000101"
"242","242","TOMATE BIDON x 10Lts","TOMATE BIDON x 10Lts","no","100","1","0","580","1","123457030","1","1","no","no","1","no","20210101000101","20210101000101"
"243","243","TOMATE LATA PERITA x 3 Kg CORPER ","TOMATE LATA PERITA x 3 Kg CORPER ","no","100","1","0","675","1","123457031","1","1","no","no","1","no","20210101000101","20210101000101"
"244","244","TOMATE LATA x 8 Kg CAYFAR","TOMATE LATA x 8 Kg CAYFAR","no","100","1","0","1040","1","123457032","1","1","no","no","1","no","20210101000101","20210101000101"
"245","245","TOMATE LATA x 8 Kg CORPER ","TOMATE LATA x 8 Kg CORPER ","no","100","1","0","1000","1","123457033","1","1","no","no","1","no","20210101000101","20210101000101"
"246","246","TOMATE PURE x 520gr x 12unid","TOMATE PURE x 520gr x 12unid","no","100","1","0","800","1","123457034","1","1","no","no","1","no","20210101000101","20210101000101"
"247","247","TOMATE SACHET x 2 Kg CAJA x 4 unid","TOMATE SACHET x 2 Kg CAJA x 4 unid","no","100","1","0","900","1","123457035","1","1","no","no","1","no","20210101000101","20210101000101"
"248","248","TOMATE VIDRIO x 1 Kg","TOMATE VIDRIO x 1 Kg","no","100","1","0","210","1","123457036","1","1","no","no","1","no","20210101000101","20210101000101"
"249","249","VINAGRE DE ALCOHOL  MENOYO x 5 Ltrs","VINAGRE DE ALCOHOL  MENOYO x 5 Ltrs","no","100","1","0","510","1","123457037","1","1","no","no","1","no","20210101000101","20210101000101"
"250","250","VINAGRE DE ALCOHOL SILVA BIDON x 5 lt","VINAGRE DE ALCOHOL SILVA BIDON x 5 lt","no","100","1","0","360","1","123457038","1","1","no","no","1","no","20210101000101","20210101000101"
"251","251","VINAGRE MANZANA MENOYO  x 1 lt","VINAGRE MANZANA MENOYO  x 1 lt","no","100","1","0","165","1","123457039","1","1","no","no","1","no","20210101000101","20210101000101"
"252","252","SALSA BARBACOA CEPERA  x 1 Ltr","SALSA BARBACOA CEPERA  x 1 Ltr","no","100","1","0","460","1","123457040","1","1","no","no","1","no","20210101000101","20210101000101"
"253","253","SALSA DE SOJA CEPERA x 1 ltr","SALSA DE SOJA CEPERA x 1 ltr","no","100","1","0","356","1","123457041","1","1","no","no","1","no","20210101000101","20210101000101"
"254","254","SALSA DE SOJA HEI-MEN BIDON x 5 lt","SALSA DE SOJA HEI-MEN BIDON x 5 lt","no","100","1","0","950","1","123457042","1","1","no","no","1","no","20210101000101","20210101000101"
"255","255","SALSA DE SOJA Tradicional  x 500 CC LA PARMESA","SALSA DE SOJA Tradicional  x 500 CC LA PARMESA","no","100","1","0","150","1","123457043","1","1","no","no","1","no","20210101000101","20210101000101"
"256","256","SALSA PICANTE ROJA LA PARMESANA x 2 Lts","SALSA PICANTE ROJA LA PARMESANA x 2 Lts","no","100","1","0","800","1","123457044","1","1","no","no","1","no","20210101000101","20210101000101"
"257","257","SALSA PICANTE VERDE LA PARMESANA  x 2 Lts","SALSA PICANTE VERDE LA PARMESANA  x 2 Lts","no","100","1","0","800","1","123457045","1","1","no","no","1","no","20210101000101","20210101000101"
"258","258","SALSA INGLESA LA PARMESANA  x 2 Lts","SALSA INGLESA LA PARMESANA  x 2 Lts","no","100","1","0","800","1","123457046","1","1","no","no","1","no","20210101000101","20210101000101"
"259","259","SALSA BARBACOA LA PARMESANA  x 2 Lts","SALSA BARBACOA LA PARMESANA  x 2 Lts","no","100","1","0","800","1","123457047","1","1","no","no","1","no","20210101000101","20210101000101"
"260","260","HUMO LIQUIDO LA  PARMESANA x 2 Lts","HUMO LIQUIDO LA  PARMESANA x 2 Lts","no","100","1","0","1000","1","123457048","1","1","no","no","1","no","20210101000101","20210101000101"
"261","261","SALSA BARBACOA TAU ","SALSA BARBACOA TAU ","no","100","1","0","410","1","123457049","1","1","no","no","1","no","20210101000101","20210101000101"
"262","262","ESPINACA EN POLVO x 1 kg","ESPINACA EN POLVO x 1 kg","no","100","1","0","1320","1","123457050","1","1","no","no","1","no","20210101000101","20210101000101"
"263","263","ESPINACA EN ESCAMAS x 2 kg ","ESPINACA EN ESCAMAS x 2 kg ","no","100","1","0","1400","1","123457051","1","1","no","no","1","no","20210101000101","20210101000101"
"264","264","GELATINA S/SABOR x 500 gr","GELATINA S/SABOR x 500 gr","no","100","1","0","1200","1","123457052","1","1","no","no","1","no","20210101000101","20210101000101"
"265","265","INT. CHORIZO / HAMBURG  PLUS x 5 kg","INT. CHORIZO / HAMBURG  PLUS x 5 kg","no","100","1","0","1860","1","123457053","1","1","no","no","1","no","20210101000101","20210101000101"
"266","266","INT. CHORIZO / HAMBURG PLUS x 1 kg","INT. CHORIZO / HAMBURG PLUS x 1 kg","no","100","1","0","400","1","123457054","1","1","no","no","1","no","20210101000101","20210101000101"
"267","267","LAUREL HOJAS x 1 kg","LAUREL HOJAS x 1 kg","no","100","1","0","760","1","123457055","1","1","no","no","1","no","20210101000101","20210101000101"
"268","268","MIX SEMILLAS x 1 kg","MIX SEMILLAS x 1 kg","no","100","1","0","650","1","123457056","1","1","no","no","1","no","20210101000101","20210101000101"
"269","269","MORRON EN POLVO x 1 kg","MORRON EN POLVO x 1 kg","no","100","1","0","655","1","123457057","1","1","no","no","1","no","20210101000101","20210101000101"
"270","270","NUEZ MOSCADA x 1 kg ","NUEZ MOSCADA x 1 kg ","no","100","1","0","2000","1","123457058","1","1","no","no","1","no","20210101000101","20210101000101"
"271","271","OREGANO x 1 kg","OREGANO x 1 kg","no","100","1","0","800","1","123457059","1","1","no","no","1","no","20210101000101","20210101000101"
"272","272","OVO PLUS x 1 kg ","OVO PLUS x 1 kg ","no","100","1","0","560","1","123457060","1","1","no","no","1","no","20210101000101","20210101000101"
"273","273","PEREJIL x 1 kg","PEREJIL x 1 kg","no","100","1","0","750","1","123457061","1","1","no","no","1","no","20210101000101","20210101000101"
"274","274","PIMENTON AHUMADO x 1 kg ","PIMENTON AHUMADO x 1 kg ","no","100","1","0","750","1","123457062","1","1","no","no","1","no","20210101000101","20210101000101"
"275","275","PIMENTON EXTRA x 1 kg ","PIMENTON EXTRA x 1 kg ","no","100","1","0","700","1","123457063","1","1","no","no","1","no","20210101000101","20210101000101"
"276","276","PIMIENTA BLANCA EXTRA x 1 kg","PIMIENTA BLANCA EXTRA x 1 kg","no","100","1","0","670","1","123457064","1","1","no","no","1","no","20210101000101","20210101000101"
"277","277","PIMIENTA NEGRA  MOLIDA  x 1 kg","PIMIENTA NEGRA  MOLIDA  x 1 kg","no","100","1","0","1060","1","123457065","1","1","no","no","1","no","20210101000101","20210101000101"
"278","278","PIMIENTA NEGRA GRANO  x 1 kg","PIMIENTA NEGRA GRANO  x 1 kg","no","100","1","0","1160","1","123457066","1","1","no","no","1","no","20210101000101","20210101000101"
"279","279","PROVENZAL x 1 kg","PROVENZAL x 1 kg","no","100","1","0","680","1","123457067","1","1","no","no","1","no","20210101000101","20210101000101"
"280","280","ROMERO x 1 kg","ROMERO x 1 kg","no","100","1","0","780","1","123457068","1","1","no","no","1","no","20210101000101","20210101000101"
"281","281","TOMILLO x 1 kg","TOMILLO x 1 kg","no","100","1","0","770","1","123457069","1","1","no","no","1","no","20210101000101","20210101000101"
"282","282","ZAPALLO POLVO x 2kg","ZAPALLO POLVO x 2kg","no","100","1","0","1820","1","123457070","1","1","no","no","1","no","20210101000101","20210101000101"
"283","283","HAMBURGUES KANDY x 40","HAMBURGUES KANDY x 40","no","100","1","0","1500","1","123457071","1","1","no","no","1","no","20210101000101","20210101000101"
"284","284","DULCE DE LECHE LOS MORITANES x 10 kg","DULCE DE LECHE LOS MORITANES x 10 kg","no","100","1","0","2660","1","123457072","1","1","no","no","1","no","20210101000101","20210101000101"
"285","285","DULCE DE MEMBRILLO CAJA CAYFAR x 5kg ","DULCE DE MEMBRILLO CAJA CAYFAR x 5kg ","no","100","1","0","920","1","123457073","1","1","no","no","1","no","20210101000101","20210101000101"
"286","286","DULCE DE MEMBRILLO LATA CAYFAR x 5kg","DULCE DE MEMBRILLO LATA CAYFAR x 5kg","no","100","1","0","1180","1","123457074","1","1","no","no","1","no","20210101000101","20210101000101"
"287","287","DURAZNO x  800 g","DURAZNO x  800 g","no","100","1","0","335","1","123457075","1","1","no","no","1","no","20210101000101","20210101000101"
"288","288","ESCENCIA VAINILLA  CIRCE x 1 lts","ESCENCIA VAINILLA  CIRCE x 1 lts","no","100","1","0","220","1","123457076","1","1","no","no","1","no","20210101000101","20210101000101"
"289","289","FLAN EMTH 500 gr","FLAN EMTH 500 gr","no","100","1","0","300","1","123457077","1","1","no","no","1","no","20210101000101","20210101000101"
"290","290","GELATINA SIN SABOR DEWEY x 1 kg","GELATINA SIN SABOR DEWEY x 1 kg","no","100","1","0","2290","1","123457078","1","1","no","no","1","no","20210101000101","20210101000101"
"291","291","GRANELA x 1 kg","GRANELA x 1 kg","no","100","1","0","400","1","123457079","1","1","no","no","1","no","20210101000101","20210101000101"
"292","292","GRASA GORGRAS PRIMER JUGO ","GRASA GORGRAS PRIMER JUGO ","no","100","1","0","6240","1","123457080","1","1","no","no","1","no","20210101000101","20210101000101"
"293","293","HUESITO FRUTAL BL x kg","HUESITO FRUTAL BL x kg","no","100","1","0","370","1","123457081","1","1","no","no","1","no","20210101000101","20210101000101"
"294","294","JALEA BARY x 10 kg","JALEA BARY x 10 kg","no","100","1","0","1340","1","123457082","1","1","no","no","1","no","20210101000101","20210101000101"
"295","295","LECHE LARGA VIDA MELINCUE  PACK x 8","LECHE LARGA VIDA MELINCUE  PACK x 8","no","100","1","0","990","1","123457083","1","1","no","no","1","no","20210101000101","20210101000101"
"296","296","LECHE LARGA VIDA MILKAUT PACK x 12 ","LECHE LARGA VIDA MILKAUT PACK x 12 ","no","100","1","0","1530","1","123457084","1","1","no","no","1","no","20210101000101","20210101000101"
"297","297","LECHE LARGA VIDA SUIPACHENSE PACK x 12","LECHE LARGA VIDA SUIPACHENSE PACK x 12","no","100","1","0","1240","1","123457085","1","1","no","no","1","no","20210101000101","20210101000101"
"298","298","LENTEJAS DE CHOCO ROCKLETS x 1 kg","LENTEJAS DE CHOCO ROCKLETS x 1 kg","no","100","1","0","1130","1","123457086","1","1","no","no","1","no","20210101000101","20210101000101"
"299","299","MERENGUE LEDEVIT ","MERENGUE LEDEVIT ","no","100","1","0","1740","1","123457087","1","1","no","no","1","no","20210101000101","20210101000101"
"300","300","MIEL INDISTRIAL x 6 kg","MIEL INDISTRIAL x 6 kg","no","100","1","0","1460","1","123457088","1","1","no","no","1","no","20210101000101","20210101000101"
"301","301","MTK MASA","MTK MASA","no","100","1","0","2680","1","123457089","1","1","no","no","1","no","20210101000101","20210101000101"
"302","302","NUEZ MARIPOSA x 1 kg","NUEZ MARIPOSA x 1 kg","no","100","1","0","1850","1","123457090","1","1","no","no","1","no","20210101000101","20210101000101"
"303","303","NUTELLA x 350 gr","NUTELLA x 350 gr","no","100","1","0","525","1","123457091","1","1","no","no","1","no","20210101000101","20210101000101"
"304","304","PASAS DE UVA x 1 kg","PASAS DE UVA x 1 kg","no","100","1","0","255","1","123457092","1","1","no","no","1","no","20210101000101","20210101000101"
"305","305","POLVO PARA HORNEAR CIRCE x 1 kg ","POLVO PARA HORNEAR CIRCE x 1 kg ","no","100","1","0","700","1","123457093","1","1","no","no","1","no","20210101000101","20210101000101"
"306","306","SALSA DE CHOCOLATE SIROPI CHARLOT x 850 gr","SALSA DE CHOCOLATE SIROPI CHARLOT x 850 gr","no","100","1","0","390","1","123457094","1","1","no","no","1","no","20210101000101","20210101000101"
"307","307","COND AJI MOLIDO x 500 g","COND AJI MOLIDO x 500 g","no","100","1","0","340","1","123457095","1","1","no","no","1","no","20210101000101","20210101000101"
"308","308","COND COMINO x 500 g","COND COMINO x 500 g","no","100","1","0","340","1","123457096","1","1","no","no","1","no","20210101000101","20210101000101"
"309","309","COND NUEZ MOSCADA x  250 g ","COND NUEZ MOSCADA x  250 g ","no","100","1","0","300","1","123457097","1","1","no","no","1","no","20210101000101","20210101000101"
"310","310","COND OREGANO x 500 g","COND OREGANO x 500 g","no","100","1","0","340","1","123457098","1","1","no","no","1","no","20210101000101","20210101000101"
"311","311","COND P/PIZZA x  500 g","COND P/PIZZA x  500 g","no","100","1","0","340","1","123457099","1","1","no","no","1","no","20210101000101","20210101000101"
"312","312","COND PIMENTON comun x 500 g","COND PIMENTON comun x 500 g","no","100","1","0","240","1","123457100","1","1","no","no","1","no","20210101000101","20210101000101"
"313","313","COND PIMENTON puro x 500 g","COND PIMENTON puro x 500 g","no","100","1","0","300","1","123457101","1","1","no","no","1","no","20210101000101","20210101000101"
"314","314","COND PIMIENTA BLANCA / NEGRA x 500 g","COND PIMIENTA BLANCA / NEGRA x 500 g","no","100","1","0","360","1","123457102","1","1","no","no","1","no","20210101000101","20210101000101"
"315","315","COND PROVENZAL x 500 g","COND PROVENZAL x 500 g","no","100","1","0","245","1","123457103","1","1","no","no","1","no","20210101000101","20210101000101"
"316","316","HINOJO x 1 kg ","HINOJO x 1 kg ","no","100","1","0","480","1","123457104","1","1","no","no","1","no","20210101000101","20210101000101"
"317","317","PAN RALLADO FAROLITO x 25 kg","PAN RALLADO FAROLITO x 25 kg","no","100","1","0","3498","1","123457105","1","1","no","no","1","no","20210101000101","20210101000101"
"318","318","PAN RALLADO FAROLITO x 5 Kg","PAN RALLADO FAROLITO x 5 Kg","no","100","1","0","792","1","123457106","1","1","no","no","1","no","20210101000101","20210101000101"
"319","319","PAN RALLADO PREFERIDO x 5 kg ","PAN RALLADO PREFERIDO x 5 kg ","no","100","1","0","990","1","123457107","1","1","no","no","1","no","20210101000101","20210101000101"
"320","320","REBOSADOR BALONI  x 25 Kg","REBOSADOR BALONI  x 25 Kg","no","100","1","0","3630","1","123457108","1","1","no","no","1","no","20210101000101","20210101000101"
"321","321","REBOSADOR FAROLITO x 25 Kg","REBOSADOR FAROLITO x 25 Kg","no","100","1","0","3300","1","123457109","1","1","no","no","1","no","20210101000101","20210101000101"
"322","322","REBOZADOR BAS BAMMI BLANCO x 25","REBOZADOR BAS BAMMI BLANCO x 25","no","100","1","0","4650","1","123457110","1","1","no","no","1","no","20210101000101","20210101000101"
"323","323","REBOZADOR BAS CRUNCH x 5 kg","REBOZADOR BAS CRUNCH x 5 kg","no","100","1","0","1720","1","123457111","1","1","no","no","1","no","20210101000101","20210101000101"
"324","324","REBOZADOR FAROLITO x 5 Kg","REBOZADOR FAROLITO x 5 Kg","no","100","1","0","792","1","123457112","1","1","no","no","1","no","20210101000101","20210101000101"
